{"mean_dstart": -5.646625618339184, "std_dstart": 4.789508242448179, "mean_duration": -2.0071080848004414, "std_duration": 1.7400442377841248}